{
    "currentPosition": {
        "x": -0.019300293177366258,
        "y": 0.6500000357627869,
        "z": -1.08310866355896
    },
    "startPosition": {
        "x": -0.03999999910593033,
        "y": 0.6000000238418579,
        "z": -1.8899999856948853
    },
    "data": "{\n    \"currentPosition\": {\n        \"x\": -0.04000014066696167,\n        \"y\": 0.6500000357627869,\n        \"z\": -1.8899997472763062\n    },\n    \"startPosition\": {\n        \"x\": -0.03999999910593033,\n        \"y\": 0.6000000238418579,\n        \"z\": -1.8899999856948853\n    },\n    \"data\": \"\"\n}"
}